arquivo,categoria,linhas,motivo
".dockerignore","coeso e necessario","80","Em uso ou parte estrutural valida da aplicacao/projeto."
".editorconfig","coeso e necessario","42","Em uso ou parte estrutural valida da aplicacao/projeto."
".env.dev","coeso e necessario","14","Em uso ou parte estrutural valida da aplicacao/projeto."
".env.example","coeso e necessario","28","Em uso ou parte estrutural valida da aplicacao/projeto."
".env.prod","coeso e necessario","16","Em uso ou parte estrutural valida da aplicacao/projeto."
".eslintignore","coeso e necessario","10","Em uso ou parte estrutural valida da aplicacao/projeto."
".eslintrc.json","coeso e necessario","100","Em uso ou parte estrutural valida da aplicacao/projeto."
".gitattributes","coeso e necessario","11","Em uso ou parte estrutural valida da aplicacao/projeto."
".github/copilot-instructions.md","coeso e necessario","147","Em uso ou parte estrutural valida da aplicacao/projeto."
".github/workflows/ci.yml","coeso e necessario","50","Em uso ou parte estrutural valida da aplicacao/projeto."
".github/workflows/deploy.yml","coeso e necessario","71","Em uso ou parte estrutural valida da aplicacao/projeto."
".gitignore","coeso e necessario","97","Em uso ou parte estrutural valida da aplicacao/projeto."
".htaccess","coeso e necessario","35","Em uso ou parte estrutural valida da aplicacao/projeto."
".lint-output.txt","desnecessario, pode excluir","","Artefato gerado automaticamente; nao e codigo-fonte nem documento canônico."
".prettierignore","coeso e necessario","23","Em uso ou parte estrutural valida da aplicacao/projeto."
".prettierrc.json","coeso e necessario","28","Em uso ou parte estrutural valida da aplicacao/projeto."
".vscode/README.md","coeso e necessario","113","Em uso ou parte estrutural valida da aplicacao/projeto."
".vscode/iniciar-sistema.ps1","coeso e necessario","17","Em uso ou parte estrutural valida da aplicacao/projeto."
".vscode/settings.json","coeso e necessario","5","Em uso ou parte estrutural valida da aplicacao/projeto."
".vscode/tasks.json","coeso e necessario","48","Em uso ou parte estrutural valida da aplicacao/projeto."
"00_CONFIG/app-config.json","coeso e necessario","12","Em uso ou parte estrutural valida da aplicacao/projeto."
"01_EMPENHOS/2025/2025NE197 CGSM.pdf","desnecessario, pode excluir","","Dados operacionais/backup versionados no repositorio principal; devem ficar fora do controle de codigo."
"01_EMPENHOS/2025/2025NE198 CGSM.pdf","desnecessario, pode excluir","","Dados operacionais/backup versionados no repositorio principal; devem ficar fora do controle de codigo."
"01_EMPENHOS/2025/2025NE199 CGSM.pdf","desnecessario, pode excluir","","Dados operacionais/backup versionados no repositorio principal; devem ficar fora do controle de codigo."
"01_EMPENHOS/2025/2025NE200 CGSM.pdf","desnecessario, pode excluir","","Dados operacionais/backup versionados no repositorio principal; devem ficar fora do controle de codigo."
"01_EMPENHOS/2025/2025NE201 CGSM.pdf","desnecessario, pode excluir","","Dados operacionais/backup versionados no repositorio principal; devem ficar fora do controle de codigo."
"02_NOTAS_FISCAIS/2026/29260251561070000150550010000004851300001174.xml","desnecessario, pode excluir","","Dados operacionais/backup versionados no repositorio principal; devem ficar fora do controle de codigo."
"02_NOTAS_FISCAIS/2026/NF 485 CGSM.pdf","desnecessario, pode excluir","","Dados operacionais/backup versionados no repositorio principal; devem ficar fora do controle de codigo."
"04_BACKUPS/BKUP_IFDESK_GERAL_2026-02-09T18-21_v6.json","desnecessario, pode excluir","","Dados operacionais/backup versionados no repositorio principal; devem ficar fora do controle de codigo."
"04_BACKUPS/IFDESK_Backup_2026-02-04T17-29-40.json","desnecessario, pode excluir","","Dados operacionais/backup versionados no repositorio principal; devem ficar fora do controle de codigo."
"04_BACKUPS/IFDESK_backup_2026-02-04T13-34-50.json","desnecessario, pode excluir","","Dados operacionais/backup versionados no repositorio principal; devem ficar fora do controle de codigo."
"04_BACKUPS/README.md","coeso e necessario","3","Em uso ou parte estrutural valida da aplicacao/projeto."
"CHANGELOG.md","coeso e necessario","726","Em uso ou parte estrutural valida da aplicacao/projeto."
"Dockerfile.backend","coeso e necessario","71","Em uso ou parte estrutural valida da aplicacao/projeto."
"Dockerfile.frontend","coeso e necessario","50","Em uso ou parte estrutural valida da aplicacao/projeto."
"IF GUANAMBI/00_CONFIG/app-config.json","coeso e necessario","12","Em uso ou parte estrutural valida da aplicacao/projeto."
"README.md","coeso e necessario","697","Em uso ou parte estrutural valida da aplicacao/projeto."
"README_DOCKER.md","coeso e necessario","38","Em uso ou parte estrutural valida da aplicacao/projeto."
"SCAN_REPORT.txt","desnecessario, pode excluir","","Artefato gerado automaticamente; nao e codigo-fonte nem documento canônico."
"config/IFDESK.code-workspace","coeso e necessario","12","Em uso ou parte estrutural valida da aplicacao/projeto."
"config/README.md","coeso e necessario","68","Em uso ou parte estrutural valida da aplicacao/projeto."
"config/changelog.json","coeso e necessario","73","Em uso ou parte estrutural valida da aplicacao/projeto."
"config/configuracoes.html","coeso e necessario","900","Em uso ou parte estrutural valida da aplicacao/projeto."
"config/diagnostico-cache.html","coeso e necessario","59","Em uso ou parte estrutural valida da aplicacao/projeto."
"config/gerenciar-backups.html","coeso e necessario","63","Em uso ou parte estrutural valida da aplicacao/projeto."
"config/importar-nfe.html","coeso e necessario","270","Em uso ou parte estrutural valida da aplicacao/projeto."
"consultas/README.md","coeso e necessario","57","Em uso ou parte estrutural valida da aplicacao/projeto."
"consultas/index.html","coeso e necessario","192","Em uso ou parte estrutural valida da aplicacao/projeto."
"css/consultas.css","coeso e necessario","2306","Em uso ou parte estrutural valida da aplicacao/projeto."
"css/protecao.css","coeso e necessario","667","Em uso ou parte estrutural valida da aplicacao/projeto."
"css/reports.css","coeso e necessario","678","Em uso ou parte estrutural valida da aplicacao/projeto."
"css/style.css","coeso e necessario","4987","Em uso ou parte estrutural valida da aplicacao/projeto."
"css/tailwind-source.css","coeso e necessario","4980","Em uso ou parte estrutural valida da aplicacao/projeto."
"css/tailwind.css","coeso e necessario","2","Em uso ou parte estrutural valida da aplicacao/projeto."
"data/README.md","coeso e necessario","54","Em uso ou parte estrutural valida da aplicacao/projeto."
"database/init/init.sql","coeso e necessario","3","Em uso ou parte estrutural valida da aplicacao/projeto."
"database/migrations/.gitkeep","coeso e necessario","1","Em uso ou parte estrutural valida da aplicacao/projeto."
"database/seeds/.gitkeep","coeso e necessario","1","Em uso ou parte estrutural valida da aplicacao/projeto."
"docker/addons/loadtest.yml","coeso e necessario","56","Em uso ou parte estrutural valida da aplicacao/projeto."
"docker/addons/logging.yml","coeso e necessario","58","Em uso ou parte estrutural valida da aplicacao/projeto."
"docker/addons/monitoring.yml","coeso e necessario","108","Em uso ou parte estrutural valida da aplicacao/projeto."
"docker/addons/test.yml","coeso e necessario","168","Em uso ou parte estrutural valida da aplicacao/projeto."
"docker/addons/waf.yml","coeso e necessario","45","Em uso ou parte estrutural valida da aplicacao/projeto."
"docker/dev/docker-compose.dev.yml","coeso e necessario","151","Em uso ou parte estrutural valida da aplicacao/projeto."
"docker/dev/nginx.dev.conf","coeso e necessario","137","Em uso ou parte estrutural valida da aplicacao/projeto."
"docker/entrypoint-backend.sh","coeso e necessario","38","Em uso ou parte estrutural valida da aplicacao/projeto."
"docker/grafana/provisioning/dashboards/dashboards.yml","coeso e necessario","15","Em uso ou parte estrutural valida da aplicacao/projeto."
"docker/grafana/provisioning/dashboards/singem-overview.json","coeso e necessario","585","Em uso ou parte estrutural valida da aplicacao/projeto."
"docker/grafana/provisioning/datasources/loki.yml","coeso e necessario","14","Em uso ou parte estrutural valida da aplicacao/projeto."
"docker/grafana/provisioning/datasources/prometheus.yml","coeso e necessario","14","Em uso ou parte estrutural valida da aplicacao/projeto."
"docker/k6/singem-load.js","coeso e necessario","170","Em uso ou parte estrutural valida da aplicacao/projeto."
"docker/loki/loki-config.yml","coeso e necessario","55","Em uso ou parte estrutural valida da aplicacao/projeto."
"docker/loki/promtail-config.yml","coeso e necessario","79","Em uso ou parte estrutural valida da aplicacao/projeto."
"docker/modsecurity/singem-exclusions.conf","coeso e necessario","73","Em uso ou parte estrutural valida da aplicacao/projeto."
"docker/nginx-waf.conf","coeso e necessario","137","Em uso ou parte estrutural valida da aplicacao/projeto."
"docker/prod/.env.example","coeso e necessario","90","Em uso ou parte estrutural valida da aplicacao/projeto."
"docker/prod/.env.prod","coeso e necessario","15","Em uso ou parte estrutural valida da aplicacao/projeto."
"docker/prod/docker-compose.prod.ssl.yml","coeso e necessario","23","Em uso ou parte estrutural valida da aplicacao/projeto."
"docker/prod/docker-compose.prod.yml","coeso e necessario","140","Em uso ou parte estrutural valida da aplicacao/projeto."
"docker/prod/nginx.conf","coeso e necessario","133","Em uso ou parte estrutural valida da aplicacao/projeto."
"docker/prod/nginx.ssl.conf","coeso e necessario","176","Em uso ou parte estrutural valida da aplicacao/projeto."
"docker/prometheus.yml","coeso e necessario","69","Em uso ou parte estrutural valida da aplicacao/projeto."
"docker/test-runner.js","coeso e necessario","79","Em uso ou parte estrutural valida da aplicacao/projeto."
"docs/ADR_PADRONIZACAO_ROTAS_BACKEND.md","coeso e necessario","51","Documentacao tecnica; util para governanca e manutencao."
"docs/ALMOXARIFADO_VALIDACAO_LOCAL.md","coeso e necessario","87","Documentacao tecnica; util para governanca e manutencao."
"docs/AMBIENTE_DESCARTAVEL_DEV.md","coeso e necessario","31","Documentacao tecnica; util para governanca e manutencao."
"docs/ANALISE_GLOBAL.md","coeso e necessario","210","Documentacao tecnica; util para governanca e manutencao."
"docs/AUDITORIA_REAL_REESTRUTURACAO_2026-04-01.md","coeso e necessario","151","Documentacao tecnica; util para governanca e manutencao."
"docs/AUTOMACAO-POWERSHELL7.md","coeso e necessario","34","Documentacao tecnica; util para governanca e manutencao."
"docs/BOAS_PRATICAS.md","coeso e necessario","380","Documentacao tecnica; util para governanca e manutencao."
"docs/CHANGELOG.md","coeso e necessario","231","Documentacao tecnica; util para governanca e manutencao."
"docs/CONFIGURACOES.md","coeso e necessario","542","Documentacao tecnica; util para governanca e manutencao."
"docs/CONSULTAS_DIVERSAS.md","coeso e necessario","351","Documentacao tecnica; util para governanca e manutencao."
"docs/CONTROLE_SALDOS_EMPENHOS.md","coeso e necessario","312","Documentacao tecnica; util para governanca e manutencao."
"docs/COPILOT-CATMAT-ULTRA-PERF.md","coeso e necessario","81","Documentacao tecnica; util para governanca e manutencao."
"docs/CORRECAO_REPOSITORY_IMPORT.md","coeso e necessario","571","Documentacao tecnica; util para governanca e manutencao."
"docs/CORRECAO_SAVE_UNIDADE.md","coeso e necessario","292","Documentacao tecnica; util para governanca e manutencao."
"docs/CORRECAO_SECURITYERROR.md","coeso e necessario","604","Documentacao tecnica; util para governanca e manutencao."
"docs/CREDENCIAIS_ACESSO.md","coeso e necessario","139","Documentacao tecnica; util para governanca e manutencao."
"docs/DB_HEALTH.md","coeso e necessario","373","Documentacao tecnica; util para governanca e manutencao."
"docs/DIAGNOSTICO_CONSULTAS.md","coeso e necessario","148","Documentacao tecnica; util para governanca e manutencao."
"docs/ESTRUTURA_PROJETO.md","coeso e necessario","656","Documentacao tecnica; util para governanca e manutencao."
"docs/FIX_SALVAMENTO_ARQUIVOS.md","coeso e necessario","319","Documentacao tecnica; util para governanca e manutencao."
"docs/FIX_SHOWINFO_FUNCTION.md","coeso e necessario","275","Documentacao tecnica; util para governanca e manutencao."
"docs/GITHUB_ENVIRONMENTS.md","coeso e necessario","97","Documentacao tecnica; util para governanca e manutencao."
"docs/GUIA_FILE_SYSTEM_API.md","coeso e necessario","476","Documentacao tecnica; util para governanca e manutencao."
"docs/GUIA_INICIO_RAPIDO.md","coeso e necessario","343","Documentacao tecnica; util para governanca e manutencao."
"docs/GUIA_RAPIDO_NE.md","coeso e necessario","235","Documentacao tecnica; util para governanca e manutencao."
"docs/GUIA_RAPIDO_SALDOS.md","coeso e necessario","143","Documentacao tecnica; util para governanca e manutencao."
"docs/GUIA_USO_APLICACAO.md","coeso e necessario","150","Documentacao tecnica; util para governanca e manutencao."
"docs/HIGIENE_CODIGO.md","coeso e necessario","89","Documentacao tecnica; util para governanca e manutencao."
"docs/IMPLEMENTACAO_PROTECAO_PASTAS.md","coeso e necessario","468","Documentacao tecnica; util para governanca e manutencao."
"docs/IMPORTACAO_NFE.md","coeso e necessario","292","Documentacao tecnica; util para governanca e manutencao."
"docs/INFRAESTRUTURA_ENTERPRISE.md","coeso e necessario","556","Documentacao tecnica; util para governanca e manutencao."
"docs/LEIA-ME_NE_PARSER.md","coeso e necessario","158","Documentacao tecnica; util para governanca e manutencao."
"docs/LIMPEZA_EXECUTADA.md","coeso e necessario","364","Documentacao tecnica; util para governanca e manutencao."
"docs/LIMPEZA_PROFUNDA.md","coeso e necessario","362","Documentacao tecnica; util para governanca e manutencao."
"docs/NAVEGACAO.md","coeso e necessario","303","Documentacao tecnica; util para governanca e manutencao."
"docs/NE_PARSER.md","coeso e necessario","301","Documentacao tecnica; util para governanca e manutencao."
"docs/PADRAO_QUALIDADE.md","coeso e necessario","144","Documentacao tecnica; util para governanca e manutencao."
"docs/PADRONIZACAO_NF.md","coeso e necessario","264","Documentacao tecnica; util para governanca e manutencao."
"docs/PERFORMANCE_ESTABILIDADE.md","coeso e necessario","156","Documentacao tecnica; util para governanca e manutencao."
"docs/PLANO_DEPRECACAO_NFE_V1.md","coeso e necessario","40","Documentacao tecnica; util para governanca e manutencao."
"docs/PLANO_RESTRUTURACAO_APP_JS.md","coeso e necessario","137","Documentacao tecnica; util para governanca e manutencao."
"docs/PRD_EXECUTIVO_SINGEM_1PAGINA.md","coeso e necessario","73","Documentacao tecnica; util para governanca e manutencao."
"docs/PRD_REFINADO_SINGEM_2026.md","coeso e necessario","290","Documentacao tecnica; util para governanca e manutencao."
"docs/README_DEV_NF.md","coeso e necessario","255","Documentacao tecnica; util para governanca e manutencao."
"docs/README_V2.md","coeso e necessario","540","Documentacao tecnica; util para governanca e manutencao."
"docs/RELATORIO-AUDITORIA-CONFORMIDADE.md","coeso e necessario","80","Documentacao tecnica; util para governanca e manutencao."
"docs/RELATORIO-AUDITORIA-ESCALABILIDADE.md","coeso e necessario","83","Documentacao tecnica; util para governanca e manutencao."
"docs/RELATORIO-AUDITORIA-INTEGRACAO.md","coeso e necessario","329","Documentacao tecnica; util para governanca e manutencao."
"docs/RELATORIO-AUDITORIA-MASTER.md","coeso e necessario","177","Documentacao tecnica; util para governanca e manutencao."
"docs/RELATORIO-AUDITORIA-PERFORMANCE.md","coeso e necessario","73","Documentacao tecnica; util para governanca e manutencao."
"docs/RELATORIO-AUDITORIA-SEGURANCA.md","coeso e necessario","103","Documentacao tecnica; util para governanca e manutencao."
"docs/RELATORIO-FASE2-INTEGRACAO-COMPRASGOV.md","coeso e necessario","285","Documentacao tecnica; util para governanca e manutencao."
"docs/RELATORIO-INTEGRACAO-COMPRASGOV.md","coeso e necessario","184","Documentacao tecnica; util para governanca e manutencao."
"docs/RESUMO_IMPLEMENTACAO_SALDOS.md","coeso e necessario","413","Documentacao tecnica; util para governanca e manutencao."
"docs/REVIEW_FINAL.md","coeso e necessario","181","Documentacao tecnica; util para governanca e manutencao."
"docs/REVISAO_API_COMPRASGOV.md","coeso e necessario","536","Documentacao tecnica; util para governanca e manutencao."
"docs/SEPARACAO_RESPONSABILIDADES.md","coeso e necessario","186","Documentacao tecnica; util para governanca e manutencao."
"docs/SISTEMA_CACHE.md","coeso e necessario","380","Documentacao tecnica; util para governanca e manutencao."
"docs/SISTEMA_ERRO_SELECIONAVEL.md","coeso e necessario","435","Documentacao tecnica; util para governanca e manutencao."
"docs/SOLUCAO_CACHE.md","coeso e necessario","175","Documentacao tecnica; util para governanca e manutencao."
"docs/SOLUCAO_ERRO_SELECIONAVEL.md","coeso e necessario","266","Documentacao tecnica; util para governanca e manutencao."
"docs/SOLUCAO_MEMORIA_APLICACAO.md","coeso e necessario","449","Documentacao tecnica; util para governanca e manutencao."
"docs/SUMARIO_LIMPEZA.md","coeso e necessario","263","Documentacao tecnica; util para governanca e manutencao."
"docs/VINCULACAO_USUARIO_UNIDADE.md","coeso e necessario","307","Documentacao tecnica; util para governanca e manutencao."
"docs/api/README.md","coeso e necessario","4","Documentacao tecnica; util para governanca e manutencao."
"docs/architecture/deploy-vps.md","coeso e necessario","13","Documentacao tecnica; util para governanca e manutencao."
"docs/architecture/docker.md","coeso e necessario","14","Documentacao tecnica; util para governanca e manutencao."
"docs/architecture/environments.md","coeso e necessario","6","Documentacao tecnica; util para governanca e manutencao."
"docs/architecture/overview.md","coeso e necessario","10","Documentacao tecnica; util para governanca e manutencao."
"docs/architecture/versioning.md","coeso e necessario","15","Documentacao tecnica; util para governanca e manutencao."
"docs/bugfixes/BUGFIX_COMPLETO.md","coeso e necessario","535","Documentacao tecnica; util para governanca e manutencao."
"docs/bugfixes/BUGFIX_ID_UNIDADE.md","coeso e necessario","241","Documentacao tecnica; util para governanca e manutencao."
"docs/bugfixes/BUGFIX_RESUMO.md","coeso e necessario","326","Documentacao tecnica; util para governanca e manutencao."
"docs/bugfixes/BUGFIX_UNIDADE_DB.md","coeso e necessario","324","Documentacao tecnica; util para governanca e manutencao."
"docs/bugfixes/CORRECAO_ADOTAR_ESTRUTURA_2025-11-07.md","coeso e necessario","344","Documentacao tecnica; util para governanca e manutencao."
"docs/bugfixes/CORRECAO_AUTENTICACAO_2025-11-07.md","coeso e necessario","339","Documentacao tecnica; util para governanca e manutencao."
"docs/bugfixes/CORRECAO_VALIDACAO_CNPJ_2025-11-07.md","coeso e necessario","298","Documentacao tecnica; util para governanca e manutencao."
"docs/guias/COMO_ABRIR.md","coeso e necessario","158","Documentacao tecnica; util para governanca e manutencao."
"docs/guias/GUIA_CACHE.md","coeso e necessario","113","Documentacao tecnica; util para governanca e manutencao."
"docs/guias/GUIA_LOGIN.md","coeso e necessario","257","Documentacao tecnica; util para governanca e manutencao."
"docs/implementacao/ADEQUACAO_CONCLUIDA.md","coeso e necessario","325","Documentacao tecnica; util para governanca e manutencao."
"docs/implementacao/ANALISE_INTEGRACOES.md","coeso e necessario","338","Documentacao tecnica; util para governanca e manutencao."
"docs/implementacao/BACKLOG_ISSUES_SINGEM_2026Q2.md","coeso e necessario","188","Documentacao tecnica; util para governanca e manutencao."
"docs/implementacao/CORRECOES_EMPENHOS_2025-11-07.md","coeso e necessario","303","Documentacao tecnica; util para governanca e manutencao."
"docs/implementacao/FASE1_CHECKLIST_EXECUCAO_15_DIAS.md","coeso e necessario","133","Documentacao tecnica; util para governanca e manutencao."
"docs/implementacao/FRONTEND_REFACTOR_ETAPAS.md","coeso e necessario","105","Documentacao tecnica; util para governanca e manutencao."
"docs/implementacao/IMPLEMENTACAO_COMPLETA.md","coeso e necessario","396","Documentacao tecnica; util para governanca e manutencao."
"docs/implementacao/IMPLEMENTACAO_CONFIGURACOES.md","coeso e necessario","541","Documentacao tecnica; util para governanca e manutencao."
"docs/implementacao/IMPLEMENTACAO_NE_PARSER.md","coeso e necessario","275","Documentacao tecnica; util para governanca e manutencao."
"docs/implementacao/INDICE_IMPLEMENTACAO.md","coeso e necessario","312","Documentacao tecnica; util para governanca e manutencao."
"docs/implementacao/INTEGRACAO_AUTENTICACAO.md","coeso e necessario","424","Documentacao tecnica; util para governanca e manutencao."
"docs/implementacao/INTEGRACOES_APLICADAS.md","coeso e necessario","584","Documentacao tecnica; util para governanca e manutencao."
"docs/implementacao/ISSUES_GITHUB_READY_2026Q2.md","coeso e necessario","281","Documentacao tecnica; util para governanca e manutencao."
"docs/implementacao/PLANO_SPRINTS_2026Q2.md","coeso e necessario","93","Documentacao tecnica; util para governanca e manutencao."
"docs/implementacao/RESTRICOES_SEGURANCA.md","coeso e necessario","441","Documentacao tecnica; util para governanca e manutencao."
"docs/implementacao/RESUMO_INTEGRACAO.md","coeso e necessario","371","Documentacao tecnica; util para governanca e manutencao."
"docs/implementacao/SISTEMA_LOGOMARCAS.md","coeso e necessario","443","Documentacao tecnica; util para governanca e manutencao."
"docs/implementacao/VALIDACAO_CNPJ_UNIDADES.md","coeso e necessario","373","Documentacao tecnica; util para governanca e manutencao."
"docs/modules/README.md","coeso e necessario","4","Documentacao tecnica; util para governanca e manutencao."
"img/LOGO COMPLETA.png","coeso e necessario","1513","Em uso ou parte estrutural valida da aplicacao/projeto."
"img/LOGO LG.png","coeso e necessario","1370","Em uso ou parte estrutural valida da aplicacao/projeto."
"img/gov.br-logo-2048x742.png","coeso e necessario","280","Em uso ou parte estrutural valida da aplicacao/projeto."
"img/govbr-logo.svg","coeso e necessario","7","Em uso ou parte estrutural valida da aplicacao/projeto."
"img/govbr.png","coeso e necessario","18","Em uso ou parte estrutural valida da aplicacao/projeto."
"img/icone-serproid-1024px.png","coeso e necessario","185","Em uso ou parte estrutural valida da aplicacao/projeto."
"img/manual-marca-nova-if-baiano-2015.pdf","coeso e necessario","6215","Em uso ou parte estrutural valida da aplicacao/projeto."
"img/marca-if-baiano-campus-guanambi-horizontal.jpg","coeso e necessario","54","Em uso ou parte estrutural valida da aplicacao/projeto."
"img/marca-if-baiano-campus-guanambi-vertical.jpg","coeso e necessario","63","Em uso ou parte estrutural valida da aplicacao/projeto."
"img/marca-serproid-1270px384px.png","coeso e necessario","185","Em uso ou parte estrutural valida da aplicacao/projeto."
"index.html","coeso e necessario","91","Em uso ou parte estrutural valida da aplicacao/projeto."
"infra/nginx/default.conf","coeso e necessario","13","Em uso ou parte estrutural valida da aplicacao/projeto."
"infra/nginx/ssl/.gitkeep","coeso e necessario","1","Em uso ou parte estrutural valida da aplicacao/projeto."
"infra/scripts/backup.sh","coeso e necessario","5","Em uso ou parte estrutural valida da aplicacao/projeto."
"infra/scripts/healthcheck.sh","coeso e necessario","6","Em uso ou parte estrutural valida da aplicacao/projeto."
"infra/scripts/restore.sh","coeso e necessario","5","Em uso ou parte estrutural valida da aplicacao/projeto."
"infra/system/deploy-notes.md","coeso e necessario","7","Em uso ou parte estrutural valida da aplicacao/projeto."
"js/anexarPdfNE.js","coeso e necessario","639","Em uso ou parte estrutural valida da aplicacao/projeto."
"js/app.js","nao coeso, precisa refatorar","1564","Arquivo com acoplamento alto, volume de logica e/ou mistura de responsabilidades."
"js/authProvidersBootstrap.js","coeso e necessario","123","Em uso ou parte estrutural valida da aplicacao/projeto."
"js/bootstrap.js","coeso e necessario","105","Em uso ou parte estrutural valida da aplicacao/projeto."
"js/catalogacaoTela.js","coeso e necessario","11","Em uso ou parte estrutural valida da aplicacao/projeto."
"js/catmatIntegration.js","coeso e necessario","1085","Em uso ou parte estrutural valida da aplicacao/projeto."
"js/config.js","coeso e necessario","200","Em uso ou parte estrutural valida da aplicacao/projeto."
"js/configuracoesPageBootstrap.js","coeso e necessario","113","Em uso ou parte estrutural valida da aplicacao/projeto."
"js/consultas/apiCompras.js","coeso e necessario","705","Em uso ou parte estrutural valida da aplicacao/projeto."
"js/consultas/cache.js","coeso e necessario","146","Em uso ou parte estrutural valida da aplicacao/projeto."
"js/consultas/dadosMock.js","coeso e necessario","261","Em uso ou parte estrutural valida da aplicacao/projeto."
"js/consultas/datasetsConfig.js","coeso e necessario","580","Em uso ou parte estrutural valida da aplicacao/projeto."
"js/consultas/govAnalyticsRenderer.js","coeso e necessario","191","Em uso ou parte estrutural valida da aplicacao/projeto."
"js/consultas/index.js","coeso e necessario","30","Em uso ou parte estrutural valida da aplicacao/projeto."
"js/consultas/mapeadores.js","coeso e necessario","472","Em uso ou parte estrutural valida da aplicacao/projeto."
"js/consultas/precosPraticadosRenderer.js","coeso e necessario","1548","Em uso ou parte estrutural valida da aplicacao/projeto."
"js/consultas/uiConsultas.js","coeso e necessario","528","Em uso ou parte estrutural valida da aplicacao/projeto."
"js/consultas/uiConsultasActions.js","coeso e necessario","347","Em uso ou parte estrutural valida da aplicacao/projeto."
"js/consultas/uiConsultasNavigation.js","coeso e necessario","75","Em uso ou parte estrutural valida da aplicacao/projeto."
"js/consultas/uiConsultasRender.js","coeso e necessario","357","Em uso ou parte estrutural valida da aplicacao/projeto."
"js/consultas/uiConsultasSearch.js","coeso e necessario","387","Em uso ou parte estrutural valida da aplicacao/projeto."
"js/consultas/uiConsultasState.js","nao coeso, precisa refatorar","315","Arquivo com acoplamento alto, volume de logica e/ou mistura de responsabilidades."
"js/consultasPageBootstrap.js","coeso e necessario","60","Em uso ou parte estrutural valida da aplicacao/projeto."
"js/core/accessScope.js","coeso e necessario","302","Em uso ou parte estrutural valida da aplicacao/projeto."
"js/core/asyncQueue.js","coeso e necessario","370","Em uso ou parte estrutural valida da aplicacao/projeto."
"js/core/auditLog.js","coeso e necessario","285","Em uso ou parte estrutural valida da aplicacao/projeto."
"js/core/authRemember.js","coeso e necessario","23","Em uso ou parte estrutural valida da aplicacao/projeto."
"js/core/backupManager.js","coeso e necessario","484","Em uso ou parte estrutural valida da aplicacao/projeto."
"js/core/dataBackup.js","coeso e necessario","444","Em uso ou parte estrutural valida da aplicacao/projeto."
"js/core/dbGateway.js","coeso e necessario","108","Em uso ou parte estrutural valida da aplicacao/projeto."
"js/core/dbTx.js","coeso e necessario","60","Em uso ou parte estrutural valida da aplicacao/projeto."
"js/core/eventBus.js","coeso e necessario","48","Em uso ou parte estrutural valida da aplicacao/projeto."
"js/core/format.js","coeso e necessario","326","Em uso ou parte estrutural valida da aplicacao/projeto."
"js/core/inputValidator.js","coeso e necessario","317","Em uso ou parte estrutural valida da aplicacao/projeto."
"js/core/menuConfig.js","coeso e necessario","411","Em uso ou parte estrutural valida da aplicacao/projeto."
"js/core/protection.js","coeso e necessario","546","Em uso ou parte estrutural valida da aplicacao/projeto."
"js/core/recoveryPin.js","coeso e necessario","188","Em uso ou parte estrutural valida da aplicacao/projeto."
"js/core/repository.js","coeso e necessario","428","Em uso ou parte estrutural valida da aplicacao/projeto."
"js/core/storageAdapter.js","coeso e necessario","544","Em uso ou parte estrutural valida da aplicacao/projeto."
"js/core/storageAudit.js","coeso e necessario","510","Em uso ou parte estrutural valida da aplicacao/projeto."
"js/core/syncManager.js","coeso e necessario","401","Em uso ou parte estrutural valida da aplicacao/projeto."
"js/core/validators/required.js","coeso e necessario","153","Em uso ou parte estrutural valida da aplicacao/projeto."
"js/core/version-ui.js","coeso e necessario","76","Em uso ou parte estrutural valida da aplicacao/projeto."
"js/core/version.js","coeso e necessario","81","Em uso ou parte estrutural valida da aplicacao/projeto."
"js/data/naturezaSubelementos.js","coeso e necessario","149","Em uso ou parte estrutural valida da aplicacao/projeto."
"js/db.js","coeso e necessario","2253","Em uso ou parte estrutural valida da aplicacao/projeto."
"js/db/indexeddb-utils.js","coeso e necessario","310","Em uso ou parte estrutural valida da aplicacao/projeto."
"js/db/integration.js","coeso e necessario","234","Em uso ou parte estrutural valida da aplicacao/projeto."
"js/diagnosticoCachePage.js","coeso e necessario","120","Em uso ou parte estrutural valida da aplicacao/projeto."
"js/exportCSV.js","coeso e necessario","225","Em uso ou parte estrutural valida da aplicacao/projeto."
"js/features/almoxarifado/api.js","coeso e necessario","103","Em uso ou parte estrutural valida da aplicacao/projeto."
"js/features/almoxarifado/pages.js","coeso e necessario","2","Em uso ou parte estrutural valida da aplicacao/projeto."
"js/features/almoxarifado/pages/almoxarifadoPage.js","coeso e necessario","1315","Em uso ou parte estrutural valida da aplicacao/projeto."
"js/features/app/appShell.js","coeso e necessario","433","Em uso ou parte estrutural valida da aplicacao/projeto."
"js/features/app/authFeedback.js","coeso e necessario","45","Em uso ou parte estrutural valida da aplicacao/projeto."
"js/features/app/authSessionSupport.js","coeso e necessario","104","Em uso ou parte estrutural valida da aplicacao/projeto."
"js/features/app/bootstrap.js","coeso e necessario","182","Em uso ou parte estrutural valida da aplicacao/projeto."
"js/features/app/cadastroEmpenhoNavigation.js","coeso e necessario","40","Em uso ou parte estrutural valida da aplicacao/projeto."
"js/features/app/empenhoEdicao.js","nao coeso, precisa refatorar","183","Arquivo com acoplamento alto, volume de logica e/ou mistura de responsabilidades."
"js/features/app/empenhoListagemLegacy.js","coeso e necessario","452","Em uso ou parte estrutural valida da aplicacao/projeto."
"js/features/app/empenhoSupport.js","coeso e necessario","621","Em uso ou parte estrutural valida da aplicacao/projeto."
"js/features/app/empenhoValidationSupport.js","coeso e necessario","289","Em uso ou parte estrutural valida da aplicacao/projeto."
"js/features/app/errorFeedback.js","coeso e necessario","239","Em uso ou parte estrutural valida da aplicacao/projeto."
"js/features/app/formSetupSupport.js","coeso e necessario","76","Em uso ou parte estrutural valida da aplicacao/projeto."
"js/features/app/infrastructureListeners.js","coeso e necessario","118","Em uso ou parte estrutural valida da aplicacao/projeto."
"js/features/app/initialDataLoader.js","coeso e necessario","84","Em uso ou parte estrutural valida da aplicacao/projeto."
"js/features/app/itemListaEmpenho.js","coeso e necessario","150","Em uso ou parte estrutural valida da aplicacao/projeto."
"js/features/app/itemModalEmpenho.js","coeso e necessario","301","Em uso ou parte estrutural valida da aplicacao/projeto."
"js/features/app/itemRowFactory.js","coeso e necessario","181","Em uso ou parte estrutural valida da aplicacao/projeto."
"js/features/app/legacyDataMaintenance.js","coeso e necessario","","Em uso ou parte estrutural valida da aplicacao/projeto."
"js/features/app/moneyHelpers.js","coeso e necessario","24","Em uso ou parte estrutural valida da aplicacao/projeto."
"js/features/app/notaFiscalFlowSupport.js","nao coeso, precisa refatorar","1128","Arquivo com acoplamento alto, volume de logica e/ou mistura de responsabilidades."
"js/features/app/notaFiscalSupport.js","coeso e necessario","412","Em uso ou parte estrutural valida da aplicacao/projeto."
"js/features/app/pdfEmpenhoSupport.js","coeso e necessario","297","Em uso ou parte estrutural valida da aplicacao/projeto."
"js/features/app/pdfUploadSetup.js","coeso e necessario","57","Em uso ou parte estrutural valida da aplicacao/projeto."
"js/features/app/relatorios.js","coeso e necessario","166","Em uso ou parte estrutural valida da aplicacao/projeto."
"js/features/app/tabsCadastro.js","coeso e necessario","173","Em uso ou parte estrutural valida da aplicacao/projeto."
"js/features/app/userSessionSupport.js","coeso e necessario","134","Em uso ou parte estrutural valida da aplicacao/projeto."
"js/features/app/versionBranding.js","coeso e necessario","51","Em uso ou parte estrutural valida da aplicacao/projeto."
"js/features/auth/api.js","coeso e necessario","14","Em uso ou parte estrutural valida da aplicacao/projeto."
"js/features/auth/pages.js","coeso e necessario","12","Em uso ou parte estrutural valida da aplicacao/projeto."
"js/features/auth/ui.js","coeso e necessario","10","Em uso ou parte estrutural valida da aplicacao/projeto."
"js/features/auth/validators.js","coeso e necessario","9","Em uso ou parte estrutural valida da aplicacao/projeto."
"js/features/catalogacao/api.js","coeso e necessario","53","Em uso ou parte estrutural valida da aplicacao/projeto."
"js/features/catalogacao/events.js","coeso e necessario","138","Em uso ou parte estrutural valida da aplicacao/projeto."
"js/features/catalogacao/index.js","coeso e necessario","47","Em uso ou parte estrutural valida da aplicacao/projeto."
"js/features/catalogacao/render.js","coeso e necessario","278","Em uso ou parte estrutural valida da aplicacao/projeto."
"js/features/catalogacao/state.js","coeso e necessario","17","Em uso ou parte estrutural valida da aplicacao/projeto."
"js/features/configuracoes/api.js","coeso e necessario","8","Em uso ou parte estrutural valida da aplicacao/projeto."
"js/features/configuracoes/pages.js","coeso e necessario","11","Em uso ou parte estrutural valida da aplicacao/projeto."
"js/features/configuracoes/ui.js","coeso e necessario","10","Em uso ou parte estrutural valida da aplicacao/projeto."
"js/features/configuracoes/validators.js","coeso e necessario","13","Em uso ou parte estrutural valida da aplicacao/projeto."
"js/features/empenho/api.js","coeso e necessario","2","Em uso ou parte estrutural valida da aplicacao/projeto."
"js/features/empenho/api/empenhoApi.js","coeso e necessario","12","Em uso ou parte estrutural valida da aplicacao/projeto."
"js/features/empenho/pages.js","coeso e necessario","2","Em uso ou parte estrutural valida da aplicacao/projeto."
"js/features/empenho/pages/empenhoPage.js","coeso e necessario","36","Em uso ou parte estrutural valida da aplicacao/projeto."
"js/features/empenho/ui.js","coeso e necessario","2","Em uso ou parte estrutural valida da aplicacao/projeto."
"js/features/empenho/ui/empenhoCadastroList.js","coeso e necessario","85","Em uso ou parte estrutural valida da aplicacao/projeto."
"js/features/empenho/validators.js","coeso e necessario","2","Em uso ou parte estrutural valida da aplicacao/projeto."
"js/features/empenho/validators/empenhoValidators.js","coeso e necessario","26","Em uso ou parte estrutural valida da aplicacao/projeto."
"js/features/fornecedores/api.js","coeso e necessario","22","Em uso ou parte estrutural valida da aplicacao/projeto."
"js/features/fornecedores/pages.js","coeso e necessario","11","Em uso ou parte estrutural valida da aplicacao/projeto."
"js/features/fornecedores/ui.js","coeso e necessario","6","Em uso ou parte estrutural valida da aplicacao/projeto."
"js/features/fornecedores/validators.js","coeso e necessario","9","Em uso ou parte estrutural valida da aplicacao/projeto."
"js/features/notaFiscal/api.js","coeso e necessario","2","Em uso ou parte estrutural valida da aplicacao/projeto."
"js/features/notaFiscal/api/notaFiscalApi.js","coeso e necessario","14","Em uso ou parte estrutural valida da aplicacao/projeto."
"js/features/notaFiscal/pages.js","coeso e necessario","2","Em uso ou parte estrutural valida da aplicacao/projeto."
"js/features/notaFiscal/pages/notaFiscalPage.js","coeso e necessario","69","Em uso ou parte estrutural valida da aplicacao/projeto."
"js/features/notaFiscal/ui.js","coeso e necessario","2","Em uso ou parte estrutural valida da aplicacao/projeto."
"js/features/notaFiscal/validators.js","coeso e necessario","2","Em uso ou parte estrutural valida da aplicacao/projeto."
"js/features/notaFiscal/validators/notaFiscalValidators.js","coeso e necessario","35","Em uso ou parte estrutural valida da aplicacao/projeto."
"js/features/relatoriosEmpenhos/data.js","coeso e necessario","52","Em uso ou parte estrutural valida da aplicacao/projeto."
"js/features/relatoriosEmpenhos/events.js","coeso e necessario","121","Em uso ou parte estrutural valida da aplicacao/projeto."
"js/features/relatoriosEmpenhos/export.js","coeso e necessario","63","Em uso ou parte estrutural valida da aplicacao/projeto."
"js/features/relatoriosEmpenhos/index.js","coeso e necessario","64","Em uso ou parte estrutural valida da aplicacao/projeto."
"js/features/relatoriosEmpenhos/render.js","coeso e necessario","135","Em uso ou parte estrutural valida da aplicacao/projeto."
"js/features/relatoriosEmpenhos/selectors.js","coeso e necessario","50","Em uso ou parte estrutural valida da aplicacao/projeto."
"js/features/relatoriosEmpenhos/state.js","coeso e necessario","66","Em uso ou parte estrutural valida da aplicacao/projeto."
"js/features/unidades/api.js","coeso e necessario","26","Em uso ou parte estrutural valida da aplicacao/projeto."
"js/features/unidades/pages.js","coeso e necessario","12","Em uso ou parte estrutural valida da aplicacao/projeto."
"js/features/unidades/ui.js","coeso e necessario","10","Em uso ou parte estrutural valida da aplicacao/projeto."
"js/features/unidades/validators.js","coeso e necessario","9","Em uso ou parte estrutural valida da aplicacao/projeto."
"js/features/usuarios/api.js","coeso e necessario","26","Em uso ou parte estrutural valida da aplicacao/projeto."
"js/features/usuarios/pages.js","coeso e necessario","12","Em uso ou parte estrutural valida da aplicacao/projeto."
"js/features/usuarios/ui.js","coeso e necessario","10","Em uso ou parte estrutural valida da aplicacao/projeto."
"js/features/usuarios/validators.js","coeso e necessario","9","Em uso ou parte estrutural valida da aplicacao/projeto."
"js/fsManager.js","coeso e necessario","150","Em uso ou parte estrutural valida da aplicacao/projeto."
"js/gerenciarBackupsPage.js","coeso e necessario","289","Em uso ou parte estrutural valida da aplicacao/projeto."
"js/globalBridge.js","coeso e necessario","214","Em uso ou parte estrutural valida da aplicacao/projeto."
"js/importarNfePage.js","coeso e necessario","1160","Em uso ou parte estrutural valida da aplicacao/projeto."
"js/infrastructureInfo.js","coeso e necessario","88","Em uso ou parte estrutural valida da aplicacao/projeto."
"js/neParser.js","coeso e necessario","634","Em uso ou parte estrutural valida da aplicacao/projeto."
"js/neParserInit.js","coeso e necessario","38","Em uso ou parte estrutural valida da aplicacao/projeto."
"js/nfValidator.js","coeso e necessario","814","Em uso ou parte estrutural valida da aplicacao/projeto."
"js/nfeIntegration.js","coeso e necessario","433","Em uso ou parte estrutural valida da aplicacao/projeto."
"js/nfeXmlParser.js","coeso e necessario","337","Em uso ou parte estrutural valida da aplicacao/projeto."
"js/pdfReader.js","coeso e necessario","2044","Em uso ou parte estrutural valida da aplicacao/projeto."
"js/platform-core.js","coeso e necessario","407","Em uso ou parte estrutural valida da aplicacao/projeto."
"js/refine/analyzer.js","coeso e necessario","44","Em uso ou parte estrutural valida da aplicacao/projeto."
"js/refine/detectors.js","coeso e necessario","53","Em uso ou parte estrutural valida da aplicacao/projeto."
"js/refine/extract/header.js","coeso e necessario","60","Em uso ou parte estrutural valida da aplicacao/projeto."
"js/refine/extract/items.js","coeso e necessario","55","Em uso ou parte estrutural valida da aplicacao/projeto."
"js/refine/extract/totals.js","coeso e necessario","50","Em uso ou parte estrutural valida da aplicacao/projeto."
"js/refine/index.js","coeso e necessario","180","Em uso ou parte estrutural valida da aplicacao/projeto."
"js/refine/logger.js","coeso e necessario","43","Em uso ou parte estrutural valida da aplicacao/projeto."
"js/refine/normalize.js","coeso e necessario","98","Em uso ou parte estrutural valida da aplicacao/projeto."
"js/refine/ocrFallback.js","coeso e necessario","46","Em uso ou parte estrutural valida da aplicacao/projeto."
"js/refine/patterns.js","coeso e necessario","57","Em uso ou parte estrutural valida da aplicacao/projeto."
"js/refine/score.js","coeso e necessario","37","Em uso ou parte estrutural valida da aplicacao/projeto."
"js/refine/ui-integration.js","coeso e necessario","426","Em uso ou parte estrutural valida da aplicacao/projeto."
"js/refine/validate.js","coeso e necessario","84","Em uso ou parte estrutural valida da aplicacao/projeto."
"js/refine/worker/parse.worker.js","coeso e necessario","40","Em uso ou parte estrutural valida da aplicacao/projeto."
"js/relatoriosEmpenhos.js","coeso e necessario","","Em uso ou parte estrutural valida da aplicacao/projeto."
"js/reports/reportEngine.js","coeso e necessario","545","Em uso ou parte estrutural valida da aplicacao/projeto."
"js/reports/reportRepository.js","coeso e necessario","420","Em uso ou parte estrutural valida da aplicacao/projeto."
"js/reports/reportUI.js","coeso e necessario","677","Em uso ou parte estrutural valida da aplicacao/projeto."
"js/services/apiClient.js","coeso e necessario","480","Em uso ou parte estrutural valida da aplicacao/projeto."
"js/settings/arquivos.js","coeso e necessario","58","Em uso ou parte estrutural valida da aplicacao/projeto."
"js/settings/backup.js","coeso e necessario","1712","Em uso ou parte estrutural valida da aplicacao/projeto."
"js/settings/diagnostico.js","coeso e necessario","405","Em uso ou parte estrutural valida da aplicacao/projeto."
"js/settings/index.js","coeso e necessario","254","Em uso ou parte estrutural valida da aplicacao/projeto."
"js/settings/integracoes.js","coeso e necessario","201","Em uso ou parte estrutural valida da aplicacao/projeto."
"js/settings/preferencias.js","coeso e necessario","970","Em uso ou parte estrutural valida da aplicacao/projeto."
"js/settings/rede.js","coeso e necessario","364","Em uso ou parte estrutural valida da aplicacao/projeto."
"js/settings/renderUtils.js","coeso e necessario","163","Em uso ou parte estrutural valida da aplicacao/projeto."
"js/settings/unidade.js","coeso e necessario","1029","Em uso ou parte estrutural valida da aplicacao/projeto."
"js/settings/usuarios.js","coeso e necessario","898","Em uso ou parte estrutural valida da aplicacao/projeto."
"js/shared/lib/dom.js","coeso e necessario","23","Em uso ou parte estrutural valida da aplicacao/projeto."
"js/shared/lib/format.js","coeso e necessario","13","Em uso ou parte estrutural valida da aplicacao/projeto."
"js/shared/lib/http.js","coeso e necessario","95","Em uso ou parte estrutural valida da aplicacao/projeto."
"js/shared/lib/storage.js","coeso e necessario","20","Em uso ou parte estrutural valida da aplicacao/projeto."
"js/shared/lib/validation.js","coeso e necessario","15","Em uso ou parte estrutural valida da aplicacao/projeto."
"js/shared/ui/button.js","coeso e necessario","18","Em uso ou parte estrutural valida da aplicacao/projeto."
"js/shared/ui/formField.js","coeso e necessario","12","Em uso ou parte estrutural valida da aplicacao/projeto."
"js/shared/ui/input.js","coeso e necessario","10","Em uso ou parte estrutural valida da aplicacao/projeto."
"js/shared/ui/loader.js","coeso e necessario","10","Em uso ou parte estrutural valida da aplicacao/projeto."
"js/shared/ui/modal.js","coeso e necessario","15","Em uso ou parte estrutural valida da aplicacao/projeto."
"js/shared/ui/pageHeader.js","coeso e necessario","9","Em uso ou parte estrutural valida da aplicacao/projeto."
"js/shared/ui/select.js","coeso e necessario","22","Em uso ou parte estrutural valida da aplicacao/projeto."
"js/shared/ui/table.js","coeso e necessario","13","Em uso ou parte estrutural valida da aplicacao/projeto."
"js/shared/ui/textarea.js","coeso e necessario","14","Em uso ou parte estrutural valida da aplicacao/projeto."
"js/shared/ui/toast.js","coeso e necessario","18","Em uso ou parte estrutural valida da aplicacao/projeto."
"js/softInit.js","coeso e necessario","73","Em uso ou parte estrutural valida da aplicacao/projeto."
"js/ui/appShellMount.js","coeso e necessario","19","Em uso ou parte estrutural valida da aplicacao/projeto."
"js/ui/appShellTemplate.js","coeso e necessario","1629","Em uso ou parte estrutural valida da aplicacao/projeto."
"js/ui/feedback.js","coeso e necessario","142","Em uso ou parte estrutural valida da aplicacao/projeto."
"js/ui/pageEnhancer.js","coeso e necessario","246","Em uso ou parte estrutural valida da aplicacao/projeto."
"js/ui/premiumShell.js","coeso e necessario","470","Em uso ou parte estrutural valida da aplicacao/projeto."
"js/ui/settings/protecao.js","coeso e necessario","343","Em uso ou parte estrutural valida da aplicacao/projeto."
"js/ui/themeBoot.js","coeso e necessario","34","Em uso ou parte estrutural valida da aplicacao/projeto."
"js/ui/themeManager.js","coeso e necessario","194","Em uso ou parte estrutural valida da aplicacao/projeto."
"js/utils/dbSafe.js","coeso e necessario","134","Em uso ou parte estrutural valida da aplicacao/projeto."
"js/utils/domBatch.js","coeso e necessario","187","Em uso ou parte estrutural valida da aplicacao/projeto."
"js/utils/errors.js","coeso e necessario","176","Em uso ou parte estrutural valida da aplicacao/projeto."
"js/utils/formatters.js","coeso e necessario","210","Em uso ou parte estrutural valida da aplicacao/projeto."
"js/utils/guard.js","coeso e necessario","206","Em uso ou parte estrutural valida da aplicacao/projeto."
"js/utils/integration.js","coeso e necessario","230","Em uso ou parte estrutural valida da aplicacao/projeto."
"js/utils/logger.js","coeso e necessario","251","Em uso ou parte estrutural valida da aplicacao/projeto."
"js/utils/sanitize.js","coeso e necessario","194","Em uso ou parte estrutural valida da aplicacao/projeto."
"js/utils/scheduler.js","coeso e necessario","215","Em uso ou parte estrutural valida da aplicacao/projeto."
"js/utils/throttle.js","coeso e necessario","235","Em uso ou parte estrutural valida da aplicacao/projeto."
"js/utils/uxHelpers.js","coeso e necessario","371","Em uso ou parte estrutural valida da aplicacao/projeto."
"js/utils/validate.js","coeso e necessario","259","Em uso ou parte estrutural valida da aplicacao/projeto."
"js/versionManager.js","coeso e necessario","250","Em uso ou parte estrutural valida da aplicacao/projeto."
"js/workers/pdfWorker.js","coeso e necessario","188","Em uso ou parte estrutural valida da aplicacao/projeto."
"manuais/EXEPLO MANUAL IFBA.pdf","coeso e necessario","6930","Em uso ou parte estrutural valida da aplicacao/projeto."
"manuais/ManualdeAcessoaosArquivosdeComprasPblicasGovernoFederal.pdf","coeso e necessario","4560","Em uso ou parte estrutural valida da aplicacao/projeto."
"manuais/comprasgov.pdf.pdf","coeso e necessario","61459","Em uso ou parte estrutural valida da aplicacao/projeto."
"manuais/manualapicompras.pdf.pdf","coeso e necessario","5926","Em uso ou parte estrutural valida da aplicacao/projeto."
"package-lock.json","coeso e necessario","2553","Em uso ou parte estrutural valida da aplicacao/projeto."
"package.json","coeso e necessario","61","Em uso ou parte estrutural valida da aplicacao/projeto."
"prints/Captura de tela 2026-03-22 091940.png","coeso e necessario","250","Em uso ou parte estrutural valida da aplicacao/projeto."
"scripts/README.md","coeso e necessario","47","Em uso ou parte estrutural valida da aplicacao/projeto."
"scripts/bump-version.js","coeso e necessario","114","Em uso ou parte estrutural valida da aplicacao/projeto."
"scripts/clean-legacy.ps1","coeso e necessario","69","Em uso ou parte estrutural valida da aplicacao/projeto."
"scripts/deploy.ps1","coeso e necessario","595","Em uso ou parte estrutural valida da aplicacao/projeto."
"scripts/dev-common.ps1","coeso e necessario","467","Em uso ou parte estrutural valida da aplicacao/projeto."
"scripts/dev-up.ps1","coeso e necessario","96","Em uso ou parte estrutural valida da aplicacao/projeto."
"scripts/logs.ps1","coeso e necessario","23","Em uso ou parte estrutural valida da aplicacao/projeto."
"scripts/quality-check.mjs","coeso e necessario","115","Em uso ou parte estrutural valida da aplicacao/projeto."
"scripts/rebuild.ps1","coeso e necessario","23","Em uso ou parte estrutural valida da aplicacao/projeto."
"scripts/scan-refs.cjs","coeso e necessario","205","Em uso ou parte estrutural valida da aplicacao/projeto."
"scripts/serve-dev.cjs","coeso e necessario","185","Em uso ou parte estrutural valida da aplicacao/projeto."
"scripts/smoke-importar-nfe.cjs","coeso e necessario","577","Em uso ou parte estrutural valida da aplicacao/projeto."
"scripts/smoke-importar-nfe.ps1","coeso e necessario","88","Em uso ou parte estrutural valida da aplicacao/projeto."
"scripts/start.ps1","coeso e necessario","63","Em uso ou parte estrutural valida da aplicacao/projeto."
"scripts/stop.ps1","coeso e necessario","16","Em uso ou parte estrutural valida da aplicacao/projeto."
"scripts/test-contracts.ps1","coeso e necessario","69","Em uso ou parte estrutural valida da aplicacao/projeto."
"scripts/util/reset-ifdesk.js","coeso e necessario","32","Em uso ou parte estrutural valida da aplicacao/projeto."
"scripts/util/setup-pwsh-alias.ps1","coeso e necessario","70","Em uso ou parte estrutural valida da aplicacao/projeto."
"scripts/util/workspace-profile.ps1","coeso e necessario","29","Em uso ou parte estrutural valida da aplicacao/projeto."
"scripts/validate-almoxarifado-local.ps1","coeso e necessario","64","Em uso ou parte estrutural valida da aplicacao/projeto."
"scripts/validate-version-sync.js","coeso e necessario","100","Em uso ou parte estrutural valida da aplicacao/projeto."
"scripts/version.ps1","coeso e necessario","92","Em uso ou parte estrutural valida da aplicacao/projeto."
"scripts/vps-docker-audit.ps1","coeso e necessario","145","Em uso ou parte estrutural valida da aplicacao/projeto."
"server/.dockerignore","coeso e necessario","6","Em uso ou parte estrutural valida da aplicacao/projeto."
"server/.env.development","coeso e necessario","109","Em uso ou parte estrutural valida da aplicacao/projeto."
"server/.env.example","coeso e necessario","27","Em uso ou parte estrutural valida da aplicacao/projeto."
"server/.env.production","coeso e necessario","112","Em uso ou parte estrutural valida da aplicacao/projeto."
"server/Dockerfile","coeso e necessario","10","Em uso ou parte estrutural valida da aplicacao/projeto."
"server/README.md","coeso e necessario","152","Em uso ou parte estrutural valida da aplicacao/projeto."
"server/app.js","coeso e necessario","195","Em uso ou parte estrutural valida da aplicacao/projeto."
"server/bootstrap.js","coeso e necessario","117","Em uso ou parte estrutural valida da aplicacao/projeto."
"server/config/database.js","coeso e necessario","229","Em uso ou parte estrutural valida da aplicacao/projeto."
"server/config/index.js","coeso e necessario","297","Em uso ou parte estrutural valida da aplicacao/projeto."
"server/db/index.js","coeso e necessario","184","Em uso ou parte estrutural valida da aplicacao/projeto."
"server/domain/identity/accessContextService.js","coeso e necessario","516","Em uso ou parte estrutural valida da aplicacao/projeto."
"server/domain/identity/authMiddleware.js","coeso e necessario","23","Em uso ou parte estrutural valida da aplicacao/projeto."
"server/domain/identity/identityService.js","coeso e necessario","130","Em uso ou parte estrutural valida da aplicacao/projeto."
"server/domain/identity/index.js","coeso e necessario","46","Em uso ou parte estrutural valida da aplicacao/projeto."
"server/domain/identity/moduleCatalog.js","coeso e necessario","438","Em uso ou parte estrutural valida da aplicacao/projeto."
"server/domain/identity/normalizedProfile.js","coeso e necessario","204","Em uso ou parte estrutural valida da aplicacao/projeto."
"server/domain/identity/providers/govbrProvider.js","coeso e necessario","509","Em uso ou parte estrutural valida da aplicacao/projeto."
"server/domain/identity/providers/govbrProvider.stub.js","coeso e necessario","107","Em uso ou parte estrutural valida da aplicacao/projeto."
"server/domain/identity/providers/localProvider.js","coeso e necessario","237","Em uso ou parte estrutural valida da aplicacao/projeto."
"server/domain/identity/providers/serproidProvider.js","coeso e necessario","228","Em uso ou parte estrutural valida da aplicacao/projeto."
"server/domain/identity/rbac.js","coeso e necessario","320","Em uso ou parte estrutural valida da aplicacao/projeto."
"server/domain/identity/userLinkService.js","coeso e necessario","205","Em uso ou parte estrutural valida da aplicacao/projeto."
"server/domain/nfe/NfeConciliationService.js","coeso e necessario","428","Em uso ou parte estrutural valida da aplicacao/projeto."
"server/domain/nfe/NfeFileStorage.js","coeso e necessario","260","Em uso ou parte estrutural valida da aplicacao/projeto."
"server/domain/nfe/NfeValidators.js","coeso e necessario","418","Em uso ou parte estrutural valida da aplicacao/projeto."
"server/domain/nfe/NfeXmlParser.js","coeso e necessario","862","Em uso ou parte estrutural valida da aplicacao/projeto."
"server/ecosystem.config.js","coeso e necessario","20","Em uso ou parte estrutural valida da aplicacao/projeto."
"server/index.js","coeso e necessario","45","Em uso ou parte estrutural valida da aplicacao/projeto."
"server/integrations/catmat/catmatService.js","coeso e necessario","808","Em uso ou parte estrutural valida da aplicacao/projeto."
"server/integrations/catmat/index.js","coeso e necessario","39","Em uso ou parte estrutural valida da aplicacao/projeto."
"server/integrations/comprasgov/client.js","coeso e necessario","876","Em uso ou parte estrutural valida da aplicacao/projeto."
"server/integrations/comprasgov/index.js","coeso e necessario","435","Em uso ou parte estrutural valida da aplicacao/projeto."
"server/integrations/core/auditApiCalls.js","coeso e necessario","145","Em uso ou parte estrutural valida da aplicacao/projeto."
"server/integrations/core/integrationCache.js","coeso e necessario","146","Em uso ou parte estrutural valida da aplicacao/projeto."
"server/integrations/dadosgov/ckanClient.js","coeso e necessario","439","Em uso ou parte estrutural valida da aplicacao/projeto."
"server/integrations/dadosgov/index.js","coeso e necessario","36","Em uso ou parte estrutural valida da aplicacao/projeto."
"server/integrations/sefaz/DfeClient.js","coeso e necessario","369","Em uso ou parte estrutural valida da aplicacao/projeto."
"server/integrations/serpro/index.js","coeso e necessario","37","Em uso ou parte estrutural valida da aplicacao/projeto."
"server/integrations/serpro/serproClient.stub.js","coeso e necessario","70","Em uso ou parte estrutural valida da aplicacao/projeto."
"server/integrations/sync/engine.js","coeso e necessario","384","Em uso ou parte estrutural valida da aplicacao/projeto."
"server/middleware/auth.js","coeso e necessario","311","Em uso ou parte estrutural valida da aplicacao/projeto."
"server/middleware/rateLimit.js","coeso e necessario","49","Em uso ou parte estrutural valida da aplicacao/projeto."
"server/middlewares/errorHandler.js","coeso e necessario","2","Em uso ou parte estrutural valida da aplicacao/projeto."
"server/middlewares/requestId.js","coeso e necessario","24","Em uso ou parte estrutural valida da aplicacao/projeto."
"server/middlewares/requestLogger.js","coeso e necessario","48","Em uso ou parte estrutural valida da aplicacao/projeto."
"server/middlewares/validate.js","coeso e necessario","2","Em uso ou parte estrutural valida da aplicacao/projeto."
"server/migrations/001_schema_completo.sql","coeso e necessario","311","Em uso ou parte estrutural valida da aplicacao/projeto."
"server/migrations/002_govbr_support.sql","coeso e necessario","60","Em uso ou parte estrutural valida da aplicacao/projeto."
"server/migrations/003_catmat_completo.sql","coeso e necessario","200","Em uso ou parte estrutural valida da aplicacao/projeto."
"server/migrations/004_auth_email_tokens.sql","coeso e necessario","36","Em uso ou parte estrutural valida da aplicacao/projeto."
"server/migrations/004b_catmat_api_oficial_cache.sql","coeso e necessario","111","Em uso ou parte estrutural valida da aplicacao/projeto."
"server/migrations/005_fase2_integracoes.sql","coeso e necessario","88","Em uso ou parte estrutural valida da aplicacao/projeto."
"server/migrations/007_price_intelligence_cache.sql","coeso e necessario","23","Em uso ou parte estrutural valida da aplicacao/projeto."
"server/migrations/008_govbr_auto_create.sql","coeso e necessario","34","Em uso ou parte estrutural valida da aplicacao/projeto."
"server/migrations/009_almoxarifado_module.sql","coeso e necessario","157","Em uso ou parte estrutural valida da aplicacao/projeto."
"server/migrations/010_almoxarifado_scalability.sql","coeso e necessario","318","Em uso ou parte estrutural valida da aplicacao/projeto."
"server/migrations/011_almoxarifado_nfe_imports.sql","coeso e necessario","260","Em uso ou parte estrutural valida da aplicacao/projeto."
"server/migrations/012_modular_access_control.sql","coeso e necessario","237","Em uso ou parte estrutural valida da aplicacao/projeto."
"server/package-lock.json","coeso e necessario","3863","Em uso ou parte estrutural valida da aplicacao/projeto."
"server/package.json","coeso e necessario","54","Em uso ou parte estrutural valida da aplicacao/projeto."
"server/routes/catalogacao.routes.js","coeso e necessario","388","Em uso ou parte estrutural valida da aplicacao/projeto."
"server/routes/compras.routes.js","coeso e necessario","572","Em uso ou parte estrutural valida da aplicacao/projeto."
"server/routes/comprasgov.routes.js","coeso e necessario","97","Em uso ou parte estrutural valida da aplicacao/projeto."
"server/routes/dadosgov.routes.js","coeso e necessario","73","Em uso ou parte estrutural valida da aplicacao/projeto."
"server/routes/govbr.routes.js","coeso e necessario","417","Em uso ou parte estrutural valida da aplicacao/projeto."
"server/routes/integracoes-admin.routes.js","coeso e necessario","196","Em uso ou parte estrutural valida da aplicacao/projeto."
"server/routes/nfe.routes.js","coeso e necessario","301","Em uso ou parte estrutural valida da aplicacao/projeto."
"server/routes/nfe.routes.v2.js","coeso e necessario","332","Em uso ou parte estrutural valida da aplicacao/projeto."
"server/routes/price-intelligence.routes.js","coeso e necessario","149","Em uso ou parte estrutural valida da aplicacao/projeto."
"server/routes/procurement-analytics.routes.js","coeso e necessario","58","Em uso ou parte estrutural valida da aplicacao/projeto."
"server/routes/serproid.routes.js","coeso e necessario","238","Em uso ou parte estrutural valida da aplicacao/projeto."
"server/routes/sync.routes.js","coeso e necessario","396","Em uso ou parte estrutural valida da aplicacao/projeto."
"server/scripts/import-catmat.js","coeso e necessario","188","Em uso ou parte estrutural valida da aplicacao/projeto."
"server/scripts/seed-admin.js","coeso e necessario","120","Em uso ou parte estrutural valida da aplicacao/projeto."
"server/scripts/test-contracts-auth.js","coeso e necessario","177","Em uso ou parte estrutural valida da aplicacao/projeto."
"server/services/buyer-intelligence.service.js","coeso e necessario","540","Em uso ou parte estrutural valida da aplicacao/projeto."
"server/services/comprasApiClient.js","coeso e necessario","317","Em uso ou parte estrutural valida da aplicacao/projeto."
"server/services/gov-api/comprasGovDataNormalizer.js","coeso e necessario","251","Em uso ou parte estrutural valida da aplicacao/projeto."
"server/services/gov-api/comprasGovGatewayService.js","coeso e necessario","805","Em uso ou parte estrutural valida da aplicacao/projeto."
"server/services/gov-api/csv/csvHistoricalImportService.js","coeso e necessario","47","Em uso ou parte estrutural valida da aplicacao/projeto."
"server/services/gov-api/csv/csvHistoricalLoadService.js","coeso e necessario","16","Em uso ou parte estrutural valida da aplicacao/projeto."
"server/services/gov-api/csv/csvHistoricalNormalizer.js","coeso e necessario","25","Em uso ou parte estrutural valida da aplicacao/projeto."
"server/services/price-intelligence.service.js","coeso e necessario","1585","Em uso ou parte estrutural valida da aplicacao/projeto."
"server/services/procurement-analytics.service.js","coeso e necessario","171","Em uso ou parte estrutural valida da aplicacao/projeto."
"server/services/supplier-intelligence.service.js","coeso e necessario","689","Em uso ou parte estrutural valida da aplicacao/projeto."
"server/servidor.ps1","coeso e necessario","6","Em uso ou parte estrutural valida da aplicacao/projeto."
"server/src/config/db.js","coeso e necessario","18","Em uso ou parte estrutural valida da aplicacao/projeto."
"server/src/config/env.js","coeso e necessario","15","Em uso ou parte estrutural valida da aplicacao/projeto."
"server/src/config/logger.js","coeso e necessario","18","Em uso ou parte estrutural valida da aplicacao/projeto."
"server/src/config/version.js","coeso e necessario","24","Em uso ou parte estrutural valida da aplicacao/projeto."
"server/src/controllers/catmat.controller.js","coeso e necessario","35","Em uso ou parte estrutural valida da aplicacao/projeto."
"server/src/controllers/estoque.controller.js","coeso e necessario","48","Em uso ou parte estrutural valida da aplicacao/projeto."
"server/src/core/app.js","coeso e necessario","6","Em uso ou parte estrutural valida da aplicacao/projeto."
"server/src/core/middlewares/.gitkeep","coeso e necessario","1","Em uso ou parte estrutural valida da aplicacao/projeto."
"server/src/core/routes.js","coeso e necessario","75","Em uso ou parte estrutural valida da aplicacao/projeto."
"server/src/core/server.js","coeso e necessario","6","Em uso ou parte estrutural valida da aplicacao/projeto."
"server/src/jobs/cleanup.js","coeso e necessario","8","Em uso ou parte estrutural valida da aplicacao/projeto."
"server/src/jobs/sync-comprasgov.js","coeso e necessario","8","Em uso ou parte estrutural valida da aplicacao/projeto."
"server/src/middlewares/asyncHandler.js","coeso e necessario","10","Em uso ou parte estrutural valida da aplicacao/projeto."
"server/src/middlewares/errorHandler.js","coeso e necessario","61","Em uso ou parte estrutural valida da aplicacao/projeto."
"server/src/middlewares/validate.js","coeso e necessario","57","Em uso ou parte estrutural valida da aplicacao/projeto."
"server/src/modules/almoxarifado/almoxarifado.controller.js","coeso e necessario","176","Em uso ou parte estrutural valida da aplicacao/projeto."
"server/src/modules/almoxarifado/almoxarifado.dto.js","coeso e necessario","304","Em uso ou parte estrutural valida da aplicacao/projeto."
"server/src/modules/almoxarifado/almoxarifado.repository.js","coeso e necessario","1386","Em uso ou parte estrutural valida da aplicacao/projeto."
"server/src/modules/almoxarifado/almoxarifado.routes.js","coeso e necessario","93","Em uso ou parte estrutural valida da aplicacao/projeto."
"server/src/modules/almoxarifado/almoxarifado.service.js","coeso e necessario","614","Em uso ou parte estrutural valida da aplicacao/projeto."
"server/src/modules/almoxarifado/almoxarifado.validation.js","coeso e necessario","299","Em uso ou parte estrutural valida da aplicacao/projeto."
"server/src/modules/auth/auth.controller.js","coeso e necessario","113","Em uso ou parte estrutural valida da aplicacao/projeto."
"server/src/modules/auth/auth.repository.js","coeso e necessario","130","Em uso ou parte estrutural valida da aplicacao/projeto."
"server/src/modules/auth/auth.routes.js","coeso e necessario","37","Em uso ou parte estrutural valida da aplicacao/projeto."
"server/src/modules/auth/auth.service.js","coeso e necessario","322","Em uso ou parte estrutural valida da aplicacao/projeto."
"server/src/modules/auth/auth.validation.js","coeso e necessario","81","Em uso ou parte estrutural valida da aplicacao/projeto."
"server/src/modules/catmat/.gitkeep","coeso e necessario","1","Placeholder estrutural para preservar arquitetura/pastas no VCS."
"server/src/modules/contratos/.gitkeep","coeso e necessario","1","Placeholder estrutural para preservar arquitetura/pastas no VCS."
"server/src/modules/empenhos/empenhos.controller.js","coeso e necessario","76","Em uso ou parte estrutural valida da aplicacao/projeto."
"server/src/modules/empenhos/empenhos.repository.js","coeso e necessario","159","Em uso ou parte estrutural valida da aplicacao/projeto."
"server/src/modules/empenhos/empenhos.routes.js","coeso e necessario","38","Em uso ou parte estrutural valida da aplicacao/projeto."
"server/src/modules/empenhos/empenhos.service.js","coeso e necessario","115","Em uso ou parte estrutural valida da aplicacao/projeto."
"server/src/modules/empenhos/empenhos.validation.js","coeso e necessario","47","Em uso ou parte estrutural valida da aplicacao/projeto."
"server/src/modules/estoque/.gitkeep","coeso e necessario","1","Placeholder estrutural para preservar arquitetura/pastas no VCS."
"server/src/modules/integracoes/.gitkeep","coeso e necessario","1","Placeholder estrutural para preservar arquitetura/pastas no VCS."
"server/src/modules/notas-fiscais/notas-fiscais.controller.js","coeso e necessario","96","Em uso ou parte estrutural valida da aplicacao/projeto."
"server/src/modules/notas-fiscais/notas-fiscais.repository.js","coeso e necessario","220","Em uso ou parte estrutural valida da aplicacao/projeto."
"server/src/modules/notas-fiscais/notas-fiscais.routes.js","coeso e necessario","59","Em uso ou parte estrutural valida da aplicacao/projeto."
"server/src/modules/notas-fiscais/notas-fiscais.service.js","coeso e necessario","172","Em uso ou parte estrutural valida da aplicacao/projeto."
"server/src/modules/notas-fiscais/notas-fiscais.validation.js","coeso e necessario","56","Em uso ou parte estrutural valida da aplicacao/projeto."
"server/src/modules/patrimonio/.gitkeep","coeso e necessario","1","Placeholder estrutural para preservar arquitetura/pastas no VCS."
"server/src/modules/servicos-internos/.gitkeep","coeso e necessario","1","Placeholder estrutural para preservar arquitetura/pastas no VCS."
"server/src/modules/setores/.gitkeep","coeso e necessario","1","Placeholder estrutural para preservar arquitetura/pastas no VCS."
"server/src/modules/solicitacoes-almoxarifado/.gitkeep","coeso e necessario","1","Placeholder estrutural para preservar arquitetura/pastas no VCS."
"server/src/modules/solicitacoes-servicos/.gitkeep","coeso e necessario","1","Placeholder estrutural para preservar arquitetura/pastas no VCS."
"server/src/modules/solicitacoes-veiculos/.gitkeep","coeso e necessario","1","Placeholder estrutural para preservar arquitetura/pastas no VCS."
"server/src/modules/usuarios/.gitkeep","coeso e necessario","1","Placeholder estrutural para preservar arquitetura/pastas no VCS."
"server/src/modules/veiculos/.gitkeep","coeso e necessario","1","Placeholder estrutural para preservar arquitetura/pastas no VCS."
"server/src/repositories/catmat.repository.js","coeso e necessario","20","Em uso ou parte estrutural valida da aplicacao/projeto."
"server/src/repositories/empenhos.repository.js","coeso e necessario","113","Em uso ou parte estrutural valida da aplicacao/projeto."
"server/src/repositories/estoque.repository.js","coeso e necessario","234","Em uso ou parte estrutural valida da aplicacao/projeto."
"server/src/repositories/notasFiscais.repository.js","coeso e necessario","121","Em uso ou parte estrutural valida da aplicacao/projeto."
"server/src/routes/catmat.routes.js","coeso e necessario","15","Em uso ou parte estrutural valida da aplicacao/projeto."
"server/src/routes/estoque.routes.js","coeso e necessario","32","Em uso ou parte estrutural valida da aplicacao/projeto."
"server/src/services/NfeImportService.js","nao coeso, precisa refatorar","377","Arquivo com acoplamento alto, volume de logica e/ou mistura de responsabilidades."
"server/src/services/NfeImportServiceV2.js","nao coeso, precisa refatorar","636","Arquivo com acoplamento alto, volume de logica e/ou mistura de responsabilidades."
"server/src/services/catmat.service.js","coeso e necessario","46","Em uso ou parte estrutural valida da aplicacao/projeto."
"server/src/services/emailService.js","coeso e necessario","163","Em uso ou parte estrutural valida da aplicacao/projeto."
"server/src/services/empenhos.service.js","coeso e necessario","242","Em uso ou parte estrutural valida da aplicacao/projeto."
"server/src/services/estoque.service.js","coeso e necessario","143","Em uso ou parte estrutural valida da aplicacao/projeto."
"server/src/services/notasFiscais.service.js","coeso e necessario","152","Em uso ou parte estrutural valida da aplicacao/projeto."
"server/src/shared/constants/.gitkeep","coeso e necessario","1","Em uso ou parte estrutural valida da aplicacao/projeto."
"server/src/shared/errors/.gitkeep","coeso e necessario","1","Em uso ou parte estrutural valida da aplicacao/projeto."
"server/src/shared/utils/.gitkeep","coeso e necessario","1","Em uso ou parte estrutural valida da aplicacao/projeto."
"server/src/shared/validators/.gitkeep","coeso e necessario","1","Em uso ou parte estrutural valida da aplicacao/projeto."
"server/src/utils/appError.js","coeso e necessario","13","Em uso ou parte estrutural valida da aplicacao/projeto."
"server/src/utils/catmatValidation.js","coeso e necessario","315","Em uso ou parte estrutural valida da aplicacao/projeto."
"server/src/utils/danfeGenerator.js","coeso e necessario","431","Em uso ou parte estrutural valida da aplicacao/projeto."
"server/src/utils/successResponse.js","coeso e necessario","15","Em uso ou parte estrutural valida da aplicacao/projeto."
"server/src/utils/xmlParser.js","coeso e necessario","400","Em uso ou parte estrutural valida da aplicacao/projeto."
"server/src/validators/auth.validators.js","coeso e necessario","102","Em uso ou parte estrutural valida da aplicacao/projeto."
"server/src/validators/catmat.validators.js","coeso e necessario","24","Em uso ou parte estrutural valida da aplicacao/projeto."
"server/src/validators/common.js","coeso e necessario","27","Em uso ou parte estrutural valida da aplicacao/projeto."
"server/src/validators/empenhos.validators.js","coeso e necessario","69","Em uso ou parte estrutural valida da aplicacao/projeto."
"server/src/validators/estoque.validators.js","coeso e necessario","86","Em uso ou parte estrutural valida da aplicacao/projeto."
"server/src/validators/notasFiscais.validators.js","coeso e necessario","53","Em uso ou parte estrutural valida da aplicacao/projeto."
"server/tests/almoxarifado.contract.test.js","coeso e necessario","263","Em uso ou parte estrutural valida da aplicacao/projeto."
"server/tests/comprasgov.api-real.test.js","coeso e necessario","186","Em uso ou parte estrutural valida da aplicacao/projeto."
"server/tests/comprasgov.client.test.js","coeso e necessario","199","Em uso ou parte estrutural valida da aplicacao/projeto."
"server/tests/comprasgov.routes.test.js","coeso e necessario","172","Em uso ou parte estrutural valida da aplicacao/projeto."
"server/tests/integracoes.contract.test.js","coeso e necessario","270","Em uso ou parte estrutural valida da aplicacao/projeto."
"server/tests/price-intelligence.contract.test.js","coeso e necessario","267","Em uso ou parte estrutural valida da aplicacao/projeto."
"server/tests/price-intelligence.service.test.js","coeso e necessario","431","Em uso ou parte estrutural valida da aplicacao/projeto."
"server/utils/appError.js","coeso e necessario","2","Em uso ou parte estrutural valida da aplicacao/projeto."
"server/utils/httpResponse.js","coeso e necessario","38","Em uso ou parte estrutural valida da aplicacao/projeto."
"server/utils/pagination.js","coeso e necessario","79","Em uso ou parte estrutural valida da aplicacao/projeto."
"server/utils/textNormalize.js","coeso e necessario","12","Em uso ou parte estrutural valida da aplicacao/projeto."
"server/utils/version.js","coeso e necessario","29","Em uso ou parte estrutural valida da aplicacao/projeto."
"singem_layout_pronto.html","coeso e necessario","674","Em uso ou parte estrutural valida da aplicacao/projeto."
"storage/nfe/pdf/README.md","coeso e necessario","5","Em uso ou parte estrutural valida da aplicacao/projeto."
"storage/nfe/xml/README.md","coeso e necessario","5","Em uso ou parte estrutural valida da aplicacao/projeto."
"sw.js","coeso e necessario","171","Em uso ou parte estrutural valida da aplicacao/projeto."
"version.json","coeso e necessario","8","Em uso ou parte estrutural valida da aplicacao/projeto."
"web/.dockerignore","coeso e necessario","5","Em uso ou parte estrutural valida da aplicacao/projeto."
"web/.env.example","coeso e necessario","2","Em uso ou parte estrutural valida da aplicacao/projeto."
"web/Dockerfile","coeso e necessario","11","Em uso ou parte estrutural valida da aplicacao/projeto."
"web/package.json","coeso e necessario","10","Em uso ou parte estrutural valida da aplicacao/projeto."
"web/public/.gitkeep","coeso e necessario","1","Em uso ou parte estrutural valida da aplicacao/projeto."
"web/src/README.md","coeso e necessario","5","Em uso ou parte estrutural valida da aplicacao/projeto."
"web/src/app/.gitkeep","coeso e necessario","1","Placeholder estrutural para preservar arquitetura/pastas no VCS."
"web/src/assets/.gitkeep","coeso e necessario","1","Placeholder estrutural para preservar arquitetura/pastas no VCS."
"web/src/components/charts/.gitkeep","coeso e necessario","1","Placeholder estrutural para preservar arquitetura/pastas no VCS."
"web/src/components/feedback/.gitkeep","coeso e necessario","1","Placeholder estrutural para preservar arquitetura/pastas no VCS."
"web/src/components/forms/.gitkeep","coeso e necessario","1","Placeholder estrutural para preservar arquitetura/pastas no VCS."
"web/src/components/layout/.gitkeep","coeso e necessario","1","Placeholder estrutural para preservar arquitetura/pastas no VCS."
"web/src/components/tables/.gitkeep","coeso e necessario","1","Placeholder estrutural para preservar arquitetura/pastas no VCS."
"web/src/components/ui/.gitkeep","coeso e necessario","1","Placeholder estrutural para preservar arquitetura/pastas no VCS."
"web/src/layouts/.gitkeep","coeso e necessario","1","Placeholder estrutural para preservar arquitetura/pastas no VCS."
"web/src/pages/almoxarifado/.gitkeep","coeso e necessario","1","Placeholder estrutural para preservar arquitetura/pastas no VCS."
"web/src/pages/catmat/.gitkeep","coeso e necessario","1","Placeholder estrutural para preservar arquitetura/pastas no VCS."
"web/src/pages/configuracoes/.gitkeep","coeso e necessario","1","Placeholder estrutural para preservar arquitetura/pastas no VCS."
"web/src/pages/contratos/.gitkeep","coeso e necessario","1","Placeholder estrutural para preservar arquitetura/pastas no VCS."
"web/src/pages/dashboard/.gitkeep","coeso e necessario","1","Placeholder estrutural para preservar arquitetura/pastas no VCS."
"web/src/pages/empenhos/.gitkeep","coeso e necessario","1","Placeholder estrutural para preservar arquitetura/pastas no VCS."
"web/src/pages/login/.gitkeep","coeso e necessario","1","Placeholder estrutural para preservar arquitetura/pastas no VCS."
"web/src/pages/notas-fiscais/.gitkeep","coeso e necessario","1","Placeholder estrutural para preservar arquitetura/pastas no VCS."
"web/src/pages/patrimonio/.gitkeep","coeso e necessario","1","Placeholder estrutural para preservar arquitetura/pastas no VCS."
"web/src/pages/servicos/.gitkeep","coeso e necessario","1","Placeholder estrutural para preservar arquitetura/pastas no VCS."
"web/src/pages/solicitacoes/.gitkeep","coeso e necessario","1","Placeholder estrutural para preservar arquitetura/pastas no VCS."
"web/src/pages/veiculos/.gitkeep","coeso e necessario","1","Placeholder estrutural para preservar arquitetura/pastas no VCS."
"web/src/router/.gitkeep","coeso e necessario","1","Placeholder estrutural para preservar arquitetura/pastas no VCS."
"web/src/services/.gitkeep","coeso e necessario","1","Placeholder estrutural para preservar arquitetura/pastas no VCS."
"web/src/stores/.gitkeep","coeso e necessario","1","Placeholder estrutural para preservar arquitetura/pastas no VCS."
"web/src/styles/.gitkeep","coeso e necessario","1","Placeholder estrutural para preservar arquitetura/pastas no VCS."
"web/src/utils/.gitkeep","coeso e necessario","1","Placeholder estrutural para preservar arquitetura/pastas no VCS."
"web/src/version/.gitkeep","coeso e necessario","1","Placeholder estrutural para preservar arquitetura/pastas no VCS."
